City_ID,City,Country,Date,Lat,Lng,Max Temp,Humidity,Cloudiness,Wind Speed
0,Bud,US,2022-07-22 20:16:13,39.447,-86.1758,93.4,44,5,4.25
1,Hermanus,ZA,2022-07-22 20:14:42,-34.4187,19.2345,56.8,83,100,11.95
2,Cape Town,ZA,2022-07-22 20:15:42,-33.9258,18.4232,60.39,85,100,1.01
3,Victoria,HK,2022-07-22 20:15:52,22.2855,114.1577,87.19,81,55,8.01
4,Bengkulu,ID,2022-07-22 20:12:29,-3.8004,102.2655,75.42,88,95,4.09
5,Vardo,NO,2022-07-22 20:16:14,70.3705,31.1107,53.58,82,75,3.44
6,Lagoa,PT,2022-07-22 20:16:14,39.05,-27.9833,72.61,90,100,9.17
7,Punta Arenas,CL,2022-07-22 20:15:23,-53.15,-70.9167,39.31,70,0,13.8
8,Ushuaia,AR,2022-07-22 20:12:08,-54.8,-68.3,35.26,93,100,17.27
9,Jamestown,US,2022-07-22 20:14:40,42.097,-79.2353,86.05,47,20,14.97
10,Tambovka,RU,2022-07-22 20:16:14,50.0969,128.0489,60.67,92,77,5.28
11,Mahebourg,MU,2022-07-22 20:16:12,-20.4081,57.7,70.09,83,75,17.27
12,Saldanha,ZA,2022-07-22 20:16:15,-33.0117,17.9442,57.25,89,100,4.14
13,Askarovo,RU,2022-07-22 20:16:15,53.3372,58.5089,56.35,71,0,6.71
14,Baracoa,CU,2022-07-22 20:16:15,20.3467,-74.4958,83.57,78,95,9.78
15,Sinnamary,GF,2022-07-22 20:12:37,5.3833,-52.95,81.7,76,50,7.05
16,San Ramon,US,2022-07-22 20:16:16,37.7799,-121.978,94.28,38,0,8.05
17,Ribeira Grande,PT,2022-07-22 20:16:16,38.5167,-28.7,77.4,83,40,9.22
18,Turukhansk,RU,2022-07-22 20:16:17,65.8167,87.9833,59.22,78,11,12.55
19,Koungou,YT,2022-07-22 20:16:17,-12.7336,45.2042,71.31,83,20,3.44
20,Timizart,DZ,2022-07-22 20:16:17,36.8,4.2667,80.13,51,0,6.58
21,Kruisfontein,ZA,2022-07-22 20:16:18,-34.0033,24.7314,53.65,75,100,5.86
22,Adrar,MR,2022-07-22 20:16:18,20.5022,-10.0711,95.31,34,51,4.05
23,The Valley,AI,2022-07-22 20:16:18,18.217,-63.0578,86.83,58,40,16.11
24,Beyneu,KZ,2022-07-22 20:16:19,45.3167,55.2,85.35,35,93,18.07
25,Vagay,RU,2022-07-22 20:16:19,57.9375,69.0217,52.79,97,12,4.99
26,Chichimila,MX,2022-07-22 20:16:19,20.6167,-88.2167,89.65,38,76,8.03
27,Boa Vista,BR,2022-07-22 20:16:20,2.8197,-60.6733,85.98,62,75,8.05
28,Yar-Sale,RU,2022-07-22 20:16:20,66.8333,70.8333,44.6,95,100,15.99
29,Port Alfred,ZA,2022-07-22 20:14:01,-33.5906,26.891,64.45,65,100,8.77
30,Qiryat Shemona,IL,2022-07-22 20:16:20,33.2073,35.5721,76.06,73,0,4.9
31,Mar Del Plata,AR,2022-07-22 20:13:37,-38.0023,-57.5575,51.82,74,0,8.05
32,Grindavik,IS,2022-07-22 20:16:21,63.8424,-22.4338,55.35,94,75,4.61
33,Mehamn,NO,2022-07-22 20:16:21,71.0357,27.8492,53.55,87,75,14.97
34,Luderitz,NA,2022-07-22 20:16:21,-26.6481,15.1594,59.32,69,77,15.32
35,Kavaratti,IN,2022-07-22 20:16:22,10.5669,72.642,81.16,81,100,19.13
36,Kabinda,CD,2022-07-22 20:16:22,-6.1333,24.4833,78.53,33,100,3.71
37,Hithadhoo,MV,2022-07-22 20:12:24,-0.6,73.0833,81.54,73,100,7.81
38,Humberto De Campos,BR,2022-07-22 20:16:22,-2.5983,-43.4611,80.67,74,99,6.38
39,Salalah,OM,2022-07-22 20:13:03,17.0151,54.0924,77.09,94,75,4.61
40,Upernavik,GL,2022-07-22 20:12:51,72.7868,-56.1549,42.37,94,100,22.77
41,Saint-Philippe,RE,2022-07-22 20:16:23,-21.3585,55.7679,66.22,83,40,12.77
42,Tyazhinskiy,RU,2022-07-22 20:16:23,56.116,88.524,54.34,94,32,8.59
43,Mimongo,GA,2022-07-22 20:16:24,-1.6195,11.6068,72.39,70,57,1.03
44,Arraial Do Cabo,BR,2022-07-22 20:16:24,-22.9661,-42.0278,75.16,83,0,14.97
45,Sabzevar,IR,2022-07-22 20:16:24,36.2126,57.6819,88.88,22,0,11.5
46,Olafsvik,IS,2022-07-22 20:16:25,64.8945,-23.7142,54.05,77,13,3.69
47,Turayf,SA,2022-07-22 20:16:25,31.6725,38.6637,86.25,35,0,11.5
48,Aku,NG,2022-07-22 20:16:25,6.7081,7.3167,70.77,97,88,3.38
49,Longyearbyen,SJ,2022-07-22 20:16:26,78.2186,15.6401,48.04,93,75,5.75
50,San Carlos De Bariloche,AR,2022-07-22 20:16:26,-41.1456,-71.3082,34.25,93,100,1.86
51,Port-Gentil,GA,2022-07-22 20:16:26,-0.7193,8.7815,73.67,79,99,17.07
52,Maraa,BR,2022-07-22 20:16:27,-1.8333,-65.3667,84.16,74,87,0.07
53,Beloha,MG,2022-07-22 20:16:27,-25.1667,45.05,63.79,90,0,8.12
54,Port Blair,IN,2022-07-22 20:16:27,11.6667,92.75,77.04,100,100,3.44
55,Whittlesea,ZA,2022-07-22 20:16:28,-32.1759,26.8244,52.95,47,74,4.5
56,Dikson,RU,2022-07-22 20:16:28,73.5069,80.5464,51.82,76,72,12.37
57,Kristiinankaupunki,FI,2022-07-22 20:16:28,62.2743,21.376,59.2,84,100,6.53
58,Hamilton,US,2022-07-22 20:15:40,39.1834,-84.5333,94.95,50,40,8.05
59,Port Elizabeth,ZA,2022-07-22 20:16:29,-33.918,25.5701,58.32,76,0,9.22
60,Padang,ID,2022-07-22 20:16:17,-0.9492,100.3543,77.94,87,96,4.14
61,Ilulissat,GL,2022-07-22 20:16:29,69.2167,-51.1,51.82,87,100,8.05
62,Touros,BR,2022-07-22 20:13:55,-5.1989,-35.4608,77.25,82,100,15.55
63,Tarko-Sale,RU,2022-07-22 20:16:30,64.9225,77.785,49.75,72,100,9.08
64,Ankara,TR,2022-07-22 20:15:15,39.9199,32.8543,71.2,46,0,11.5
65,Riyadh,SA,2022-07-22 20:15:10,24.6877,46.7219,95.14,15,30,10.42
66,Shiringushi,RU,2022-07-22 20:16:30,53.8485,42.7676,58.75,97,82,6.85
67,Valdivia,CL,2022-07-22 20:12:13,-39.8142,-73.2459,53.69,97,100,10.25
68,East London,ZA,2022-07-22 20:14:00,-33.0153,27.9116,68.31,39,16,6.42
69,Huarmey,PE,2022-07-22 20:16:31,-10.0681,-78.1522,66.97,72,21,9.57
70,New Glasgow,CA,2022-07-22 20:14:39,45.5834,-62.6486,76.78,57,16,9.71
71,Zhezkazgan,KZ,2022-07-22 20:16:31,47.8043,67.7144,73.96,29,3,9.75
72,Iracoubo,GF,2022-07-22 20:16:31,5.4802,-53.2011,81.75,74,26,7.25
73,Carndonagh,IE,2022-07-22 20:16:31,55.25,-7.2667,62.22,90,92,4.05
74,Qaanaaq,GL,2022-07-22 20:16:32,77.484,-69.3632,41.34,86,99,9.04
75,Oum Hadjer,TD,2022-07-22 20:16:32,13.2954,19.6966,77.97,63,100,9.24
76,Pasni,PK,2022-07-22 20:16:33,25.2631,63.471,82.72,86,100,9.08
77,Bredasdorp,ZA,2022-07-22 20:15:39,-34.5322,20.0403,56.46,66,100,9.55
78,Nanortalik,GL,2022-07-22 20:16:33,60.1432,-45.2371,49.37,78,19,3.15
79,Yangambi,CD,2022-07-22 20:16:33,0.8102,24.4336,70.92,91,100,3.22
80,Eyl,SO,2022-07-22 20:16:34,7.9803,49.8164,78.03,76,100,24.27
81,Taoudenni,ML,2022-07-22 20:16:34,22.6783,-3.9836,104.79,14,48,4.76
82,Cayenne,GF,2022-07-22 20:16:34,4.9333,-52.3333,85.08,9,0,3.44
83,Kamenka,RU,2022-07-22 20:16:34,51.3223,42.7678,57.97,91,92,6.26
84,Warangal,IN,2022-07-22 20:16:35,18.0,79.5833,74.5,94,100,11.72
85,Panorama,GR,2022-07-22 20:16:35,40.5878,23.0315,82.11,51,20,4.61
86,Saint-Pierre,RE,2022-07-22 20:16:35,-21.3393,55.4781,67.91,72,75,4.61
87,Ouadda,CF,2022-07-22 20:16:35,8.0777,22.4007,68.16,99,99,4.38
88,Ustka,PL,2022-07-22 20:16:36,54.5805,16.8619,64.65,84,1,7.4
89,Kuusamo,FI,2022-07-22 20:16:36,65.9667,29.1833,62.64,72,0,8.05
90,Saint-Augustin,CA,2022-07-22 20:16:17,51.226,-58.6502,63.07,73,99,15.55
91,Laguna,US,2022-07-22 20:16:36,38.421,-121.4238,99.32,28,0,8.05
92,Birin,NP,2022-07-22 20:16:37,26.8865,88.0718,64.74,89,100,4.63
93,Chuy,UY,2022-07-22 20:13:48,-33.6971,-53.4616,57.74,92,80,4.43
94,Lokosovo,RU,2022-07-22 20:16:37,61.1333,74.8167,48.38,74,10,5.84
95,Darovskoy,RU,2022-07-22 20:16:37,58.77,47.9564,59.94,78,70,2.28
96,Hare Bay,CA,2022-07-22 20:16:38,48.8499,-54.0148,87.19,43,72,6.58
97,Bracciano,IT,2022-07-22 20:16:38,42.1031,12.1754,83.35,45,0,2.44
98,Busselton,AU,2022-07-22 20:16:38,-33.65,115.3333,58.84,82,40,19.13
99,Bonito,BR,2022-07-22 20:12:07,-21.1211,-56.4819,90.32,22,5,7.56
100,Kaka,TM,2022-07-22 20:16:39,37.3482,59.6143,93.63,20,0,11.61
101,Cidreira,BR,2022-07-22 20:16:39,-30.1811,-50.2056,64.51,91,95,3.31
102,Skoghall,SE,2022-07-22 20:16:39,59.3232,13.4655,55.96,92,100,9.22
103,Kudahuvadhoo,MV,2022-07-22 20:16:40,2.6708,72.8944,82.76,74,99,15.01
104,Aswan,EG,2022-07-22 20:16:40,24.0934,32.907,91.67,14,31,13.04
105,Sao Filipe,CV,2022-07-22 20:16:40,14.8961,-24.4956,75.96,78,84,4.16
106,Lebu,CL,2022-07-22 20:16:40,-37.6167,-73.65,53.78,95,100,12.21
107,Imeni Babushkina,RU,2022-07-22 20:16:41,59.7573,43.1285,65.07,81,87,4.47
108,Yarmouth,US,2022-07-22 20:16:41,41.7057,-70.2286,93.67,58,0,9.22
109,Mpika,ZM,2022-07-22 20:16:41,-11.8343,31.4529,58.86,58,62,9.35
110,Potsdam,DE,2022-07-22 20:13:06,52.3989,13.0657,72.09,63,98,3.87
111,Hunedoara,RO,2022-07-22 20:16:42,45.75,22.9,75.18,36,7,2.89
112,Jurado,CO,2022-07-22 20:16:42,7.1053,-77.7641,80.33,82,84,7.83
113,Saint-Francois,FR,2022-07-22 20:16:37,46.4154,3.9054,76.44,61,0,0.0
114,Rio Grande,BR,2022-07-22 20:16:28,-32.035,-52.0986,62.71,97,100,3.67
115,Killybegs,IE,2022-07-22 20:16:42,54.6333,-8.45,67.71,73,65,5.23
116,Havelock,US,2022-07-22 20:16:43,34.8791,-76.9013,90.05,82,40,10.36
117,Torbay,CA,2022-07-22 20:15:07,47.6666,-52.7314,74.17,72,75,10.36
118,Jaguaribe,BR,2022-07-22 20:16:43,-5.8906,-38.6219,86.61,43,99,8.81
119,Codrington,AU,2022-07-22 20:16:43,-38.2667,141.9667,51.44,92,100,12.24
120,Ruwi,OM,2022-07-22 20:16:44,23.5996,58.5507,85.69,72,100,7.16
121,Pangnirtung,CA,2022-07-22 20:16:44,66.1451,-65.7125,48.2,87,20,10.36
122,Mahibadhoo,MV,2022-07-22 20:16:44,3.7833,72.9667,81.99,74,100,18.23
123,Clyde River,CA,2022-07-22 20:16:45,70.4692,-68.5914,55.63,62,75,12.66
124,Coihueco,CL,2022-07-22 20:16:45,-36.6167,-71.8333,63.34,59,0,3.44
125,Coihaique,CL,2022-07-22 20:14:45,-45.5752,-72.0662,26.55,86,0,6.91
126,Zapolyarnyy,RU,2022-07-22 20:16:45,69.4154,30.8136,56.48,83,17,5.64
127,Henties Bay,NA,2022-07-22 20:16:27,-22.116,14.2845,59.9,72,0,6.91
128,Rawson,AR,2022-07-22 20:16:46,-43.3002,-65.1023,43.41,33,100,6.06
129,Fenoarivo Atsinanana,MG,2022-07-22 20:16:46,-17.3667,49.4167,66.11,90,61,6.58
130,Chabahar,IR,2022-07-22 20:16:46,25.2919,60.643,83.32,82,83,11.32
131,Ponta Do Sol,PT,2022-07-22 20:16:47,32.6667,-17.1,73.71,77,4,6.51
132,San-Pedro,CI,2022-07-22 20:16:47,4.7485,-6.6363,75.38,75,19,6.4
133,Stromness,GB,2022-07-22 20:16:47,58.965,-3.296,51.76,82,100,7.0
134,Ilhabela,BR,2022-07-22 20:14:56,-23.7781,-45.3581,71.4,75,2,4.79
135,Narsaq,GL,2022-07-22 20:16:47,60.9167,-46.05,62.82,61,56,4.85
136,Felanitx,ES,2022-07-22 20:16:48,39.4696,3.1483,84.45,65,0,4.25
137,Nouadhibou,MR,2022-07-22 20:16:48,20.931,-17.0347,76.98,88,41,10.36
138,Kyabe,TD,2022-07-22 20:16:49,9.4515,18.9449,72.64,93,100,4.07
139,Bosconia,CO,2022-07-22 20:16:49,9.9689,-73.8836,88.5,57,98,7.09
140,Bovolone,IT,2022-07-22 20:16:49,45.2548,11.1263,86.63,52,26,5.88
141,Diosig,RO,2022-07-22 20:16:49,47.3,22.0,80.62,33,4,1.7
142,Saint George,US,2022-07-22 20:16:50,37.1041,-113.5841,111.63,12,0,9.22
143,Mahenge,TZ,2022-07-22 20:16:50,-8.6833,36.7167,59.63,65,22,2.28
144,Synya,RU,2022-07-22 20:16:51,65.3718,58.0387,41.47,88,4,2.8
145,Talgar,KZ,2022-07-22 20:16:51,43.3027,77.2395,73.56,29,20,4.47
146,Sorland,NO,2022-07-22 20:16:51,67.667,12.6934,49.86,88,100,23.38
147,Tasiilaq,GL,2022-07-22 20:16:52,65.6145,-37.6368,39.36,71,35,8.16
148,Souillac,MU,2022-07-22 20:16:52,-20.5167,57.5167,70.18,83,75,17.27
149,Ambilobe,MG,2022-07-22 20:16:52,-13.2,49.05,64.45,78,0,4.43
150,Sol-Iletsk,RU,2022-07-22 20:16:53,51.1631,54.9918,71.37,47,75,3.69
151,Loralai,PK,2022-07-22 20:16:53,30.3705,68.598,75.9,75,88,4.54
152,Quelimane,MZ,2022-07-22 20:16:53,-17.8786,36.8883,71.55,88,20,2.3
153,Santa Rosa,PH,2022-07-22 20:14:20,14.3122,121.1114,82.38,87,78,5.01
154,Karpathos,GR,2022-07-22 20:16:54,35.507,27.2132,75.16,78,0,20.71
155,Kozan,TR,2022-07-22 20:16:54,37.4552,35.8157,77.27,50,0,3.69
156,Vila Velha,BR,2022-07-22 20:13:27,-20.3297,-40.2925,76.95,80,20,10.36
157,Puerto Madryn,AR,2022-07-22 20:16:54,-42.7692,-65.0385,44.82,32,100,3.87
158,Wilmington Island,US,2022-07-22 20:16:55,32.0036,-80.9737,93.29,64,40,5.75
159,Puerto Del Rosario,ES,2022-07-22 20:16:55,28.5004,-13.8627,74.95,83,20,21.85
160,Mecca,SA,2022-07-22 20:16:55,21.4267,39.8261,89.47,53,24,0.83
161,George Town,MY,2022-07-22 20:13:46,5.4112,100.3354,78.73,92,20,3.44
162,Hofn,IS,2022-07-22 20:16:56,64.2539,-15.2082,52.12,93,47,7.49
163,Ellon,GB,2022-07-22 20:16:56,57.3641,-2.0731,58.51,76,99,6.91
164,Kharsawan,IN,2022-07-22 20:16:57,22.8,85.8333,78.53,90,100,2.51
165,Mayahi,NE,2022-07-22 20:16:57,13.9553,7.6712,94.42,35,100,10.8
166,Subtanjalla,PE,2022-07-22 20:16:57,-14.0189,-75.7581,74.95,40,0,11.61
167,Kaputa,ZM,2022-07-22 20:16:57,-8.4689,29.6619,71.67,47,64,3.33
168,Camacha,PT,2022-07-22 20:16:58,33.0833,-16.3333,67.42,73,75,12.66
169,Amarante Do Maranhao,BR,2022-07-22 20:16:58,-5.5667,-46.7422,92.16,26,100,4.94
170,Raudeberg,NO,2022-07-22 20:16:58,61.9875,5.1352,59.67,84,71,24.54
171,Koutiala,ML,2022-07-22 20:16:59,12.3917,-5.4642,82.04,68,97,7.67
172,Asosa,ET,2022-07-22 20:16:59,10.0667,34.5333,61.12,92,100,2.77
173,Chateau-Thierry,FR,2022-07-22 20:16:59,49.05,3.4,69.22,69,100,5.44
174,Hvide Sande,DK,2022-07-22 20:16:59,56.0045,8.1294,59.09,80,100,19.17
175,Leh,IN,2022-07-22 20:15:09,34.1667,77.5833,70.32,19,96,6.33
176,Roald,NO,2022-07-22 20:16:20,62.5833,6.1333,59.9,82,40,16.11
177,Axim,GH,2022-07-22 20:17:00,4.8699,-2.2405,75.47,75,99,7.52
178,Nisia Floresta,BR,2022-07-22 20:17:00,-6.0911,-35.2086,80.98,86,100,12.33
179,San Juan,AR,2022-07-22 20:12:34,-31.5375,-68.5364,68.9,19,4,6.24
180,Porto Santo,PT,2022-07-22 20:17:00,33.072,-16.3415,70.18,73,75,12.66
181,Serenje,ZM,2022-07-22 20:17:01,-13.2325,30.2352,58.28,59,39,8.32
182,Olean,US,2022-07-22 20:13:54,42.0776,-78.4297,86.68,65,75,3.44
183,Maykor,RU,2022-07-22 20:17:01,59.0059,55.88,62.04,83,84,4.72
184,Puerto Baquerizo Moreno,EC,2022-07-22 20:17:02,-0.9,-89.6,76.19,65,40,5.75
185,Veraval,IN,2022-07-22 20:16:46,20.9,70.3667,80.49,85,96,17.65
186,Pangody,RU,2022-07-22 20:17:02,65.85,74.4859,45.77,90,100,3.49
187,Zaozerne,UA,2022-07-22 20:12:21,45.1582,33.2787,73.02,69,0,16.02
188,Bingol,TR,2022-07-22 20:17:02,38.8847,40.4939,68.76,45,0,7.07
189,Georgetown,MY,2022-07-22 20:12:50,5.4112,100.3354,78.73,92,20,3.44
190,Goderich,CA,2022-07-22 20:17:03,43.7501,-81.7165,80.92,57,0,6.91
191,Bambous Virieux,MU,2022-07-22 20:17:03,-20.3428,57.7575,70.05,83,75,17.27
192,Ascension,US,2022-07-22 20:17:03,30.2169,-90.9001,91.99,73,40,5.75
193,General Artigas,PY,2022-07-22 20:17:04,-26.9333,-56.2167,77.32,68,95,3.83
194,Colares,PT,2022-07-22 20:17:04,38.7992,-9.4469,74.88,70,20,18.41
195,Kincardine,GB,2022-07-22 20:17:04,56.0667,-3.7167,60.98,93,100,5.1
196,Abu Samrah,SY,2022-07-22 20:17:05,35.3029,37.1841,79.3,45,0,9.86
197,Buritis,BR,2022-07-22 20:17:05,-15.6178,-46.4233,83.66,26,0,6.55
198,Yanam,IN,2022-07-22 20:17:06,16.7333,82.2167,78.42,87,100,7.94
199,Segovia,ES,2022-07-22 20:17:06,41.1667,-4.0,84.43,25,100,6.71
200,Surt,LY,2022-07-22 20:17:06,31.2089,16.5887,79.66,61,0,8.01
201,Comodoro Rivadavia,AR,2022-07-22 20:14:24,-45.8667,-67.5,40.86,42,0,10.36
202,Kilindoni,TZ,2022-07-22 20:17:07,-7.9139,39.6668,75.49,75,0,16.08
203,Berlevag,NO,2022-07-22 20:17:08,70.8578,29.0864,55.2,82,75,19.57
204,San Andres,CO,2022-07-22 20:17:08,12.5847,-81.7006,84.22,84,75,5.75
205,Athens,GR,2022-07-22 20:14:15,37.9795,23.7162,88.25,40,0,4.0
206,Coquimbo,CL,2022-07-22 20:17:09,-29.9533,-71.3436,55.13,87,100,2.3
207,Kankan,GN,2022-07-22 20:17:09,10.3854,-9.3057,73.92,91,100,1.63
208,Vysokovsk,RU,2022-07-22 20:17:09,56.3167,36.55,60.44,80,3,3.04
209,Ostrovnoy,RU,2022-07-22 20:17:10,68.0531,39.5131,51.69,92,100,17.07
210,Khorixas,NA,2022-07-22 20:17:10,-20.3667,14.9667,68.43,30,2,3.09
211,Qandala,SO,2022-07-22 20:17:11,11.472,49.8728,88.27,56,33,4.38
212,Cockburn Town,TC,2022-07-22 20:17:12,21.4612,-71.1419,78.76,83,75,18.41
213,Male,MV,2022-07-22 20:14:42,4.1748,73.5089,82.35,75,99,17.6
214,Gamba,GA,2022-07-22 20:17:12,-2.65,10.0,69.21,84,38,8.23
215,Ladispoli,IT,2022-07-22 20:17:12,41.9537,12.0735,86.45,77,0,4.45
216,Ploemeur,FR,2022-07-22 20:17:13,47.7333,-3.4333,69.82,61,0,5.75
217,Bradford,GB,2022-07-22 20:16:14,53.7939,-1.7521,62.62,89,40,4.61
218,Safranbolu,TR,2022-07-22 20:17:13,41.2508,32.6942,59.41,73,0,1.77
219,Digby,CA,2022-07-22 20:17:13,44.6169,-65.7655,88.75,72,49,12.19
220,Harwich,GB,2022-07-22 20:17:14,51.9419,1.2844,63.36,74,38,8.01
221,Dingle,PH,2022-07-22 20:12:30,10.9995,122.6711,76.32,92,86,4.74
222,Pitimbu,BR,2022-07-22 20:16:55,-7.4706,-34.8086,75.79,78,82,14.92
223,Teya,RU,2022-07-22 20:17:14,60.3778,92.6267,55.69,98,98,3.89
224,Takoradi,GH,2022-07-22 20:17:14,4.8845,-1.7554,75.13,78,77,8.81
225,Makhinjauri,GE,2022-07-22 20:17:15,41.6739,41.694,66.06,82,75,13.8
226,Troitsk,RU,2022-07-22 20:17:15,54.0979,61.5773,59.58,82,9,7.23
227,Tabou,CI,2022-07-22 20:17:15,4.423,-7.3528,75.88,69,76,8.08
228,Manica,FR,2022-07-22 20:17:16,49.0,-1.1667,60.76,90,24,7.16
229,Mana,GF,2022-07-22 20:17:16,5.6592,-53.7767,81.86,75,30,7.72
230,Alliance,US,2022-07-22 20:17:16,40.9153,-81.1059,89.82,50,76,11.72
231,Nuuk,GL,2022-07-22 20:17:17,64.1835,-51.7216,45.21,87,20,11.5
232,Trapani,IT,2022-07-22 20:17:17,37.8333,12.6667,82.27,78,0,5.75
233,Syzran,RU,2022-07-22 20:17:17,53.1585,48.4681,62.44,93,100,6.13
234,Rimouski,CA,2022-07-22 20:16:02,48.4488,-68.524,77.18,59,0,13.44
235,Sinop,TR,2022-07-22 20:17:18,41.7711,34.8709,59.54,69,2,4.97
236,Bandarbeyla,SO,2022-07-22 20:17:18,9.4942,50.8122,77.34,80,59,32.48
237,Kilis,TR,2022-07-22 20:17:19,36.7161,37.115,82.63,34,0,5.7
238,Huaquillas,EC,2022-07-22 20:17:19,-3.4833,-80.2333,73.63,78,100,8.05
239,Luau,AO,2022-07-22 20:17:19,-10.7073,22.2247,72.14,29,100,4.05
240,Sept-Iles,CA,2022-07-22 20:17:20,50.2001,-66.3821,67.05,89,75,3.44
241,Prattville,US,2022-07-22 20:13:01,32.464,-86.4597,88.5,60,0,5.75
242,Ugoofaaru,MV,2022-07-22 20:17:21,5.6667,73.0,81.88,77,100,16.13
243,Montlucon,FR,2022-07-22 20:17:21,46.3333,2.6,75.7,79,36,8.12
244,Puerto Leguizamo,CO,2022-07-22 20:17:21,-0.1934,-74.7819,87.24,51,61,1.01
245,Kutum,SD,2022-07-22 20:15:00,14.2,24.6667,84.13,32,5,7.61
246,Iqaluit,CA,2022-07-22 20:17:22,63.7506,-68.5145,53.33,71,75,3.44
247,Wajid,SO,2022-07-22 20:17:22,3.8093,43.2471,76.6,57,87,18.59
248,Ajaccio,FR,2022-07-22 20:17:22,42.0,8.9167,77.05,74,0,2.3
249,Baghdad,IQ,2022-07-22 20:15:38,33.3406,44.4009,93.11,18,0,10.36
250,Bhadravati,IN,2022-07-22 20:17:23,13.8667,75.7167,71.19,92,100,7.34
251,Bilma,NE,2022-07-22 20:17:23,18.6853,12.9164,95.18,23,56,3.51
252,Havoysund,NO,2022-07-22 20:17:23,70.9963,24.6622,52.03,89,70,20.98
253,Veinticinco De Mayo,AR,2022-07-22 20:17:24,-35.4323,-60.1727,61.99,59,44,4.0
254,Khuzdar,PK,2022-07-22 20:17:24,27.7384,66.6434,76.01,63,90,2.28
255,Kerman,IR,2022-07-22 20:17:24,30.2832,57.0788,80.46,14,0,0.0
256,Namibe,AO,2022-07-22 20:16:38,-15.1961,12.1522,62.42,88,10,3.22
257,Tabas,IR,2022-07-22 20:17:25,33.5959,56.9244,95.56,9,0,7.11
258,Igarka,RU,2022-07-22 20:17:25,67.4667,86.5833,57.38,78,56,9.73
259,Mabaruma,GY,2022-07-22 20:17:25,8.2,-59.7833,84.24,64,13,6.96
260,Northeim,DE,2022-07-22 20:17:26,51.7,10.0,65.37,82,93,5.06
261,La Sarre,CA,2022-07-22 20:17:26,48.8002,-79.1996,72.73,61,64,8.84
262,Tarauaca,BR,2022-07-22 20:17:27,-8.1614,-70.7656,92.35,40,76,2.01
263,Bushehr,IR,2022-07-22 20:17:27,28.9684,50.8385,89.69,74,2,6.91
264,Dalton,US,2022-07-22 20:15:22,34.7698,-84.9702,94.82,63,61,1.99
265,Traverse City,US,2022-07-22 20:13:23,44.7631,-85.6206,93.27,28,40,17.27
266,Suleja,NG,2022-07-22 20:17:28,9.1758,7.1808,71.94,95,99,0.38
267,Andenes,NO,2022-07-22 20:17:29,69.3143,16.1194,52.93,93,75,20.71
268,Logansport,US,2022-07-22 20:13:30,40.7545,-86.3567,88.72,51,31,5.1
269,Barcelos,PT,2022-07-22 20:17:29,41.5388,-8.6151,73.69,61,0,6.33
270,Sidi Ali,DZ,2022-07-22 20:17:29,36.0998,0.4206,76.68,73,0,5.26
271,Tapes,BR,2022-07-22 20:17:31,-30.6733,-51.3958,64.83,95,100,3.13
272,Potiskum,NG,2022-07-22 20:17:31,11.7091,11.0694,79.2,74,70,5.53
273,Ajdabiya,LY,2022-07-22 20:17:32,30.7554,20.2263,78.89,70,0,17.38
274,Shu,KZ,2022-07-22 20:17:32,43.5983,73.7614,82.89,25,0,6.44
275,Entre Rios,BR,2022-07-22 20:17:32,-11.9419,-38.0844,72.27,71,100,6.35
276,Porto Novo,BJ,2022-07-22 20:13:12,6.4965,2.6036,75.99,83,100,7.83
277,Sakakah,SA,2022-07-22 20:17:33,29.9697,40.2064,96.37,15,1,13.91
278,Tyukhtet,RU,2022-07-22 20:17:33,56.5389,89.3011,55.63,89,65,8.34
279,Pilar,BR,2022-07-22 20:17:23,-9.5972,-35.9567,73.33,92,89,6.4
280,Jalu,LY,2022-07-22 20:17:31,29.0331,21.5482,82.15,42,0,15.23
281,Gidam,IN,2022-07-22 20:17:33,18.9833,81.4,74.01,98,100,3.42
282,Pisco,PE,2022-07-22 20:17:34,-13.7,-76.2167,62.65,77,40,10.36
283,Sur,OM,2022-07-22 20:14:07,22.5667,59.5289,87.6,67,99,9.71
284,Vrises,GR,2022-07-22 20:17:34,35.492,23.8899,79.56,42,0,5.1
285,Ercis,TR,2022-07-22 20:17:35,39.0287,43.3586,66.43,45,4,1.34
286,Oriximina,BR,2022-07-22 20:17:35,-1.7656,-55.8661,87.98,55,78,5.7
287,Umm Lajj,SA,2022-07-22 20:17:35,25.0213,37.2685,89.19,49,76,7.54
288,Atar,MR,2022-07-22 20:17:36,20.5169,-13.0499,85.77,55,80,8.79
289,Catarama,EC,2022-07-22 20:17:36,-1.5833,-79.4667,81.64,61,100,1.72
290,Balkanabat,TM,2022-07-22 20:17:36,39.5108,54.3671,80.22,61,0,8.14
291,Ayagoz,KZ,2022-07-22 20:17:37,47.9714,80.4392,68.04,36,100,15.35
292,Faya,SA,2022-07-22 20:17:37,18.3851,42.4509,69.91,44,87,3.6
293,Boralday,KZ,2022-07-22 20:17:38,43.3578,76.8594,76.86,29,20,4.47
294,Trairi,BR,2022-07-22 20:14:34,-3.2778,-39.2689,80.55,73,96,11.86
295,Nikki,BJ,2022-07-22 20:17:38,9.9401,3.2108,73.78,90,89,1.68
296,Nioro,GM,2022-07-22 20:17:38,13.35,-15.75,76.5,89,100,9.69
297,Giyani,ZA,2022-07-22 20:17:39,-23.3025,30.7187,66.02,62,63,4.85
298,Kalach-Na-Donu,RU,2022-07-22 20:17:39,48.691,43.5264,63.73,82,64,4.85
299,Jacarau,BR,2022-07-22 20:17:39,-6.6122,-35.2928,73.62,84,100,12.37
300,Kortkeros,RU,2022-07-22 20:17:40,61.8106,51.5806,57.2,75,49,2.19
301,Marsh Harbour,BS,2022-07-22 20:17:40,26.5412,-77.0636,83.97,71,0,15.28
302,Hambantota,LK,2022-07-22 20:17:41,6.1241,81.1185,78.89,82,97,17.58
303,Gwadar,PK,2022-07-22 20:17:41,25.1216,62.3254,82.87,82,85,8.14
304,Itagi,BR,2022-07-22 20:17:42,-14.1628,-40.0061,77.59,53,90,5.99
305,Wajir,KE,2022-07-22 20:17:42,1.7471,40.0573,78.4,51,100,22.19
306,Paita,PE,2022-07-22 20:17:43,-5.0892,-81.1144,68.02,75,25,15.14
307,Blagoyevo,RU,2022-07-22 20:17:44,63.3667,47.9167,61.54,68,77,4.27
308,Nauta,PE,2022-07-22 20:17:44,-4.5061,-73.5757,77.31,88,96,3.67
309,Kuminskiy,RU,2022-07-22 20:17:44,58.6667,66.5667,52.84,88,26,3.49
310,Mrakovo,RU,2022-07-22 20:17:45,52.7161,56.6244,59.5,82,96,3.94
311,Ahar,IR,2022-07-22 20:17:45,38.4774,47.0699,65.55,63,0,4.99
312,Corrente,BR,2022-07-22 20:17:45,-3.7367,-43.3394,87.98,48,62,0.34
313,Qaqortoq,GL,2022-07-22 20:17:46,60.7167,-46.0333,51.01,73,44,5.77
314,Krasnoselkup,RU,2022-07-22 20:16:09,65.7,82.4667,50.9,92,84,12.48
315,Antofagasta,CL,2022-07-22 20:17:46,-23.65,-70.4,58.28,76,98,7.74
316,Sadon,RU,2022-07-22 20:17:46,42.8518,44.0037,54.93,92,73,4.27
317,Asbe Teferi,ET,2022-07-22 20:17:47,9.0833,40.8667,64.69,68,88,8.7
318,Seredka,RU,2022-07-22 20:17:47,58.1584,28.1858,64.15,77,80,6.11
319,Kapoeta,SS,2022-07-22 20:17:47,4.7717,33.5903,83.93,37,95,12.73
320,Husavik,IS,2022-07-22 20:17:27,66.0449,-17.3389,51.08,83,43,4.09
321,Tessalit,ML,2022-07-22 20:17:48,20.1986,1.0114,97.32,19,16,11.43
322,Kaniama,CD,2022-07-22 20:17:48,-7.5667,24.1833,74.28,38,52,5.03
323,Cimislia,MD,2022-07-22 20:17:49,46.52,28.7842,73.54,34,0,6.4
324,Hualmay,PE,2022-07-22 20:17:49,-11.0964,-77.6139,65.44,73,35,7.7
325,Karaton,ID,2022-07-22 20:17:49,-6.3424,106.1045,72.59,94,98,2.53
326,Damaturu,NG,2022-07-22 20:17:50,11.747,11.9608,78.98,73,76,5.86
327,Lyuban,BY,2022-07-22 20:17:50,52.7985,28.0048,63.36,76,0,6.22
328,Chesma,RU,2022-07-22 20:17:50,53.8111,60.6533,59.11,76,1,4.5
329,Bathsheba,BB,2022-07-22 20:16:05,13.2167,-59.5167,86.61,78,40,17.27
330,San Vicente De Canete,PE,2022-07-22 20:17:50,-13.0751,-76.3835,65.01,73,24,5.68
331,Senneterre,CA,2022-07-22 20:17:51,48.3835,-77.2328,72.09,56,94,7.72
332,Sechura,PE,2022-07-22 20:17:51,-5.5569,-80.8222,71.56,65,18,14.43
333,Copiapo,CL,2022-07-22 20:17:52,-27.3667,-70.3333,53.29,49,58,6.46
334,Ushtobe,KZ,2022-07-22 20:17:52,45.2514,77.9838,76.93,32,2,1.23
335,Belmonte,BR,2022-07-22 20:17:52,-15.8631,-38.8828,73.71,79,35,8.84
336,Yei,SS,2022-07-22 20:17:53,4.095,30.6779,69.21,75,24,3.65
337,Rincon,US,2022-07-22 20:17:53,32.296,-81.2354,93.16,49,40,12.66
338,Hoshiarpur,IN,2022-07-22 20:17:53,31.5322,75.9172,81.5,81,99,5.77
339,Nizwa,OM,2022-07-22 20:17:54,22.9333,57.5333,89.71,58,91,5.44
340,Batticaloa,LK,2022-07-22 20:17:54,7.7102,81.6924,79.95,83,100,3.74
341,Shevchenkove,UA,2022-07-22 20:17:54,49.6959,37.1735,56.95,96,64,11.39
342,Sadovoye,RU,2022-07-22 20:17:55,47.7764,44.5089,66.74,73,96,8.28
343,Akureyri,IS,2022-07-22 20:17:55,65.6835,-18.0878,51.73,76,20,12.66
344,Cozumel,MX,2022-07-22 20:14:51,20.5083,-86.9458,89.67,73,100,9.22
345,Marienburg,PL,2022-07-22 20:17:56,54.0359,19.0266,69.89,90,1,6.51
346,Shamary,RU,2022-07-22 20:17:56,57.3434,58.2199,57.11,95,30,3.42
347,Dunmore Town,BS,2022-07-22 20:17:57,25.5,-76.65,83.14,75,44,14.99
348,Kardailovo,RU,2022-07-22 20:17:57,51.5386,53.9042,72.07,46,100,11.34
349,Pembroke,CA,2022-07-22 20:17:57,45.8168,-77.1162,84.18,39,74,10.65
350,Vestmanna,FO,2022-07-22 20:17:58,62.1564,-7.1664,50.92,82,40,4.61
351,Zhanaozen,KZ,2022-07-22 20:17:58,43.3,52.8,79.84,46,4,27.65
352,Vila Franca Do Campo,PT,2022-07-22 20:17:25,37.7167,-25.4333,73.81,73,85,1.95
353,Douglas,US,2022-07-22 20:17:59,41.3,-96.167,98.6,50,0,6.91
354,Porto Velho,BR,2022-07-22 20:14:23,-8.7619,-63.9039,93.25,38,40,4.61
355,Rock Sound,BS,2022-07-22 20:17:59,24.9,-76.2,82.65,77,30,15.03
356,Mopti,ML,2022-07-22 20:17:59,14.6667,-4.0,89.44,44,41,1.43
357,Inyonga,TZ,2022-07-22 20:18:00,-6.7167,32.0667,68.92,44,39,6.53
358,Ormara,PK,2022-07-22 20:18:00,25.2088,64.6357,83.48,86,99,13.04
359,Castro,BR,2022-07-22 20:17:32,-24.7911,-50.0119,68.2,60,55,4.25
360,Opuwo,NA,2022-07-22 20:18:01,-18.0607,13.84,64.4,26,0,5.66
361,Bereznik,RU,2022-07-22 20:18:01,62.8551,42.7072,67.68,76,91,6.6
362,Manzil Salim,TN,2022-07-22 20:18:01,35.8567,8.4765,85.06,29,0,13.96
363,Beruwala,LK,2022-07-22 20:18:02,6.4788,79.9828,79.0,87,100,13.42
364,Klaksvik,FO,2022-07-22 20:18:02,62.2266,-6.589,52.72,82,100,5.73
365,Koutsouras,GR,2022-07-22 20:18:02,35.0339,25.9469,84.11,35,0,12.21
366,Margate,GB,2022-07-22 20:18:03,51.3813,1.3862,64.31,80,50,3.0
367,Puurmani,EE,2022-07-22 20:18:03,58.5738,26.2878,73.62,80,27,3.11
368,Abancay,PE,2022-07-22 20:18:04,-13.6339,-72.8814,74.52,31,30,9.48
369,Ibia,BR,2022-07-22 20:18:04,-19.4783,-46.5389,76.46,32,1,4.45
370,Aksarka,RU,2022-07-22 20:18:04,66.5606,67.7975,46.26,94,100,7.74
371,Grootfontein,NA,2022-07-22 20:18:05,-19.5667,18.1167,58.39,43,10,4.25
372,Fort Wayne,US,2022-07-22 20:15:32,41.1306,-85.1289,87.15,48,20,4.61
373,Fereydun Kenar,IR,2022-07-22 20:18:05,36.6864,52.5225,79.02,83,0,0.0
374,Maracaibo,VE,2022-07-22 20:18:05,10.6317,-71.6406,90.52,52,77,10.67
375,Asyut,EG,2022-07-22 20:18:06,27.181,31.1837,87.3,23,5,8.57
376,Portsmouth,GB,2022-07-22 20:16:22,50.799,-1.0913,68.97,84,20,1.01
377,Babati,TZ,2022-07-22 20:18:06,-4.2167,35.75,56.59,75,3,3.27
378,Omboue,GA,2022-07-22 20:18:07,-1.5746,9.2618,71.15,81,89,10.87
379,Tukrah,LY,2022-07-22 20:18:07,32.5341,20.5791,78.35,82,0,8.77
380,Vestmannaeyjar,IS,2022-07-22 20:17:20,63.4427,-20.2734,51.48,91,100,5.1
381,Barranco,PA,2022-07-22 20:18:07,9.5167,-82.7,85.57,67,56,6.13
382,Santiago De Cao,PE,2022-07-22 20:18:08,-7.9589,-79.2392,64.53,77,11,12.66
383,Arlit,NE,2022-07-22 20:18:08,18.7369,7.3853,102.61,12,56,6.08
384,Sao Jose Da Coroa Grande,BR,2022-07-22 20:17:57,-8.8978,-35.1478,75.4,83,99,10.67
385,Bosaso,SO,2022-07-22 20:18:08,11.2842,49.1816,90.84,41,21,20.94
386,Tres Coracoes,BR,2022-07-22 20:18:09,-21.6969,-45.2533,73.09,39,3,1.7
387,Tyup,KG,2022-07-22 20:18:09,42.7276,78.3648,65.62,29,0,4.32
388,Cap Malheureux,MU,2022-07-22 20:18:09,-19.9842,57.6142,69.48,72,1,8.99
389,Carnarvon,AU,2022-07-22 20:14:44,-24.8667,113.6333,62.65,65,0,11.79
390,Mwinilunga,ZM,2022-07-22 20:18:10,-11.7358,24.4293,60.39,44,99,4.68
391,Bexhill,AU,2022-07-22 20:18:10,-28.7667,153.35,57.63,97,75,14.97
392,Maceio,BR,2022-07-22 20:18:10,-9.6658,-35.7353,74.64,88,100,9.22
393,Lovozero,RU,2022-07-22 20:18:11,68.005,35.0117,56.25,89,100,4.7
394,Didi Lilo,GE,2022-07-22 20:18:11,41.7361,44.9647,64.18,60,0,24.16
395,Tazovskiy,RU,2022-07-22 20:18:11,67.4667,78.7,45.52,94,100,7.25
396,Trinidad,BO,2022-07-22 20:16:39,-14.8333,-64.9,91.38,43,20,9.22
397,Qorveh,IR,2022-07-22 20:18:12,35.1664,47.8045,69.35,22,0,2.42
398,Salaya,IN,2022-07-22 20:18:12,22.3167,69.6,81.86,83,95,17.69
399,Paamiut,GL,2022-07-22 20:18:13,61.994,-49.6678,45.3,85,6,6.98
400,Sarab,IR,2022-07-22 20:18:13,38.6066,44.9883,77.0,35,2,4.32
401,Liverpool,GB,2022-07-22 20:18:13,53.4106,-2.9779,63.61,91,75,5.75
402,Bershet,RU,2022-07-22 20:18:14,57.7309,56.3783,63.66,91,57,4.05
403,Bagan,RU,2022-07-22 20:18:14,54.1001,77.6646,56.03,88,1,7.49
404,Noyabrsk,RU,2022-07-22 20:18:14,63.1994,75.4507,43.68,86,65,8.43
405,Leo,BF,2022-07-22 20:18:15,11.1,-2.1,74.43,89,84,2.37
406,Quatre Cocos,MU,2022-07-22 20:18:15,-20.2078,57.7625,69.91,77,10,16.37
407,Envira,BR,2022-07-22 20:18:15,-7.3,-70.2167,90.95,43,40,2.75
408,Panama City,PA,2022-07-22 20:16:28,8.9936,-79.5197,81.93,78,75,5.75
409,Awjilah,LY,2022-07-22 20:18:16,29.1081,21.2869,81.63,43,0,17.09
410,Mahon,ES,2022-07-22 20:18:16,39.8885,4.2658,81.16,78,0,5.75
411,George,ZA,2022-07-22 20:18:17,-33.963,22.4617,53.15,94,100,1.14
412,Sudbury,CA,2022-07-22 20:18:17,46.49,-80.99,81.57,41,76,11.01
413,Banda Aceh,ID,2022-07-22 20:18:17,5.5577,95.3222,78.19,83,100,3.8
414,Valvedditturai,LK,2022-07-22 20:18:18,9.8167,80.1667,80.47,85,100,15.82
415,Lithakia,GR,2022-07-22 20:15:10,37.7167,20.8333,85.28,51,0,4.61
416,Forestville,US,2022-07-22 20:18:18,38.8451,-76.875,97.2,46,0,14.97
417,Inirida,CO,2022-07-22 20:18:18,3.8653,-67.9239,82.29,83,99,3.2
418,Beni Mazar,EG,2022-07-22 20:18:19,28.4962,30.8029,87.37,30,5,15.03
419,Dwarka,IN,2022-07-22 20:18:19,22.2394,68.9678,82.13,82,62,18.99
420,Challans,FR,2022-07-22 20:18:20,46.8436,-1.8749,67.12,78,7,10.38
421,Holesov,CZ,2022-07-22 20:18:20,49.3333,17.5783,76.71,56,0,4.59
422,Nouakchott,MR,2022-07-22 20:18:20,18.0858,-15.9785,84.13,83,39,11.92
423,Mahajanga,MG,2022-07-22 20:18:20,-15.7167,46.3167,73.47,50,2,12.93
424,Sao Joao Da Barra,BR,2022-07-22 20:18:21,-21.6403,-41.0511,77.09,81,0,13.71
425,Baraki Barak,AF,2022-07-22 20:18:22,33.9675,68.9486,76.64,59,92,3.85
426,Vadso,NO,2022-07-22 20:18:22,70.0744,29.7487,58.08,76,0,4.61
427,Soanierana Ivongo,MG,2022-07-22 20:18:23,-16.9167,49.5833,67.03,90,74,5.01
428,Aketi,CD,2022-07-22 20:18:23,2.7388,23.7833,69.78,96,100,2.62
429,Asfi,MA,2022-07-22 20:18:23,32.2994,-9.2372,77.74,72,99,14.09
430,Lahij,YE,2022-07-22 20:18:24,13.1667,44.5833,87.35,46,31,5.64
431,Naryan-Mar,RU,2022-07-22 20:16:29,67.6713,53.087,50.5,64,100,9.33
432,Am Timan,TD,2022-07-22 20:18:24,11.0297,20.2827,75.09,84,12,6.29
433,Ecoporanga,BR,2022-07-22 20:18:25,-18.3733,-40.8306,75.22,57,87,7.36
434,Salto,UY,2022-07-22 20:17:32,-31.3833,-57.9667,68.16,88,75,7.0
435,Alappuzha,IN,2022-07-22 20:13:36,9.49,76.3264,78.01,86,100,8.23
436,Gujranwala,PK,2022-07-22 20:14:26,32.1617,74.1883,87.85,75,95,4.83
437,Ati,TD,2022-07-22 20:18:25,13.2154,18.3353,87.1,54,100,8.14
438,Grenville,GD,2022-07-22 20:18:26,12.1167,-61.6167,86.05,75,0,15.88
439,Kantunilkin,MX,2022-07-22 20:18:26,21.0917,-87.45,96.42,36,89,7.99
440,Camana,PE,2022-07-22 20:18:26,-16.6228,-72.7111,61.75,81,53,5.5
441,Thinadhoo,MV,2022-07-22 20:18:27,0.5333,72.9333,80.98,77,100,8.48
442,Florence,IT,2022-07-22 20:18:27,43.7667,11.25,85.68,64,0,4.61
443,Ust-Ishim,RU,2022-07-22 20:18:27,57.6935,71.1665,53.2,93,92,4.34
444,Oksfjord,NO,2022-07-22 20:18:28,70.2396,22.3479,54.0,80,100,7.34
445,Nieuw Amsterdam,SR,2022-07-22 20:18:28,5.8833,-55.0833,85.01,75,40,6.91
446,Havre-Saint-Pierre,CA,2022-07-22 20:18:28,50.2334,-63.5986,68.36,88,100,5.75
447,Ancud,CL,2022-07-22 20:18:28,-41.8697,-73.8203,41.23,96,100,9.1
448,Geraldton,AU,2022-07-22 20:18:29,-28.7667,114.6,50.41,87,76,14.97
449,Yarada,IN,2022-07-22 20:18:29,17.65,83.2667,80.92,89,40,4.61
450,Marrakesh,MA,2022-07-22 20:16:53,31.6315,-8.0083,96.87,21,75,13.8
451,Urucui,BR,2022-07-22 20:18:30,-7.2294,-44.5561,93.22,25,100,5.46
452,Badarwas,IN,2022-07-22 20:18:30,24.9667,77.5667,75.69,93,100,9.31
453,Maragogi,BR,2022-07-22 20:13:50,-9.0122,-35.2225,74.71,84,100,10.78
454,Brae,GB,2022-07-22 20:17:49,60.3964,-1.353,51.71,76,100,8.81
455,Sisimiut,GL,2022-07-22 20:18:31,66.9395,-53.6735,47.05,80,100,3.62
456,Talcahuano,CL,2022-07-22 20:18:31,-36.7167,-73.1167,53.28,94,100,8.05
457,Cotonou,BJ,2022-07-22 20:14:44,6.3654,2.4183,76.89,82,100,12.35
458,Nova Olimpia,BR,2022-07-22 20:18:32,-14.7972,-57.2881,95.13,20,5,2.82
459,Tartagal,AR,2022-07-22 20:18:32,-22.5164,-63.8013,80.26,41,27,4.59
460,Moen,NO,2022-07-22 20:18:33,69.1304,18.6123,52.52,71,75,6.91
461,Bocas Del Toro,PA,2022-07-22 20:18:33,9.3333,-82.25,82.9,72,100,9.75
462,Bell Ville,AR,2022-07-22 20:18:33,-32.6259,-62.6887,74.66,42,36,6.31
463,Platanos,GR,2022-07-22 20:18:34,37.6667,21.6167,82.56,57,0,2.8
464,Amot,NO,2022-07-22 20:18:35,59.5714,7.9877,60.76,87,91,4.27
465,Dombarovskiy,RU,2022-07-22 20:18:35,50.7587,59.5386,72.3,38,85,9.62
466,San Pedro,PH,2022-07-22 20:18:35,14.35,121.0167,81.63,87,40,2.3
467,Port-Cartier,CA,2022-07-22 20:14:17,50.0334,-66.8654,65.75,68,69,6.44
468,Kerouane,GN,2022-07-22 20:18:36,9.2667,-9.0167,70.21,95,93,2.46
469,Najran,SA,2022-07-22 20:18:36,17.4924,44.1277,92.05,26,100,4.76
470,Sabha,LY,2022-07-22 20:18:36,27.0377,14.4283,84.45,20,0,7.31
471,Araouane,ML,2022-07-22 20:18:37,18.9048,-3.5265,95.22,32,76,9.86
472,Mount Pleasant,US,2022-07-22 20:15:47,32.7941,-79.8626,93.34,76,0,13.8
473,Tucuman,AR,2022-07-22 20:18:10,-26.8241,-65.2226,77.0,44,40,4.61
474,Odweyne,SO,2022-07-22 20:18:38,9.4092,45.064,72.97,52,5,19.15
475,Kholmogory,RU,2022-07-22 20:18:38,64.2229,41.656,65.84,89,59,8.34
476,Salinas,US,2022-07-22 20:18:38,36.6777,-121.6555,95.56,61,0,12.66
477,Kangaba,ML,2022-07-22 20:18:39,11.9333,-8.4167,75.4,89,100,2.71
478,Inta,RU,2022-07-22 20:18:39,66.0317,60.1659,44.42,81,69,9.44
479,Matagami,CA,2022-07-22 20:18:39,49.7502,-77.6328,77.11,53,20,13.8
480,Salinopolis,BR,2022-07-22 20:18:40,-0.6136,-47.3561,81.75,75,86,10.42
481,Pudozh,RU,2022-07-22 20:18:40,61.8099,36.5345,64.44,79,84,3.96
482,Bubaque,GW,2022-07-22 20:17:48,11.2833,-15.8333,77.05,91,100,18.28
483,Grand Gaube,MU,2022-07-22 20:18:41,-20.0064,57.6608,70.2,72,1,8.99
484,Caceres,ES,2022-07-22 20:18:41,39.522,-6.3748,86.22,12,6,6.4
485,Sibi,PK,2022-07-22 20:18:41,29.5448,67.8764,91.53,50,91,8.99
486,Moussoro,TD,2022-07-22 20:18:42,13.6408,16.4901,87.24,52,100,8.95
487,Narasannapeta,IN,2022-07-22 20:18:42,18.4167,84.05,80.85,86,100,1.59
488,Damara,CF,2022-07-22 20:18:43,4.9608,18.7035,68.32,99,100,3.22
489,Sernur,RU,2022-07-22 20:18:43,56.9333,49.1536,62.37,78,35,5.82
490,Japura,ID,2022-07-22 20:18:43,-0.3167,102.35,73.65,99,86,2.21
491,Breznice,CZ,2022-07-22 20:18:44,49.5576,13.9506,71.04,86,0,3.69
492,Itaituba,BR,2022-07-22 20:17:07,-4.2761,-55.9836,91.56,55,20,0.0
493,Agirish,RU,2022-07-22 20:18:44,61.9247,63.0231,48.04,69,95,3.94
494,Kuito,AO,2022-07-22 20:18:44,-12.3833,16.9333,60.17,33,4,2.3
495,Camocim,BR,2022-07-22 20:18:45,-2.9022,-40.8411,81.81,74,99,14.36
496,Matara,LK,2022-07-22 20:18:45,5.9485,80.5353,77.9,88,100,13.69
497,Raga,SS,2022-07-22 20:18:45,8.4596,25.678,69.42,98,79,3.78
498,La Palma,US,2022-07-22 20:18:46,33.8464,-118.0467,95.18,59,40,9.22
499,Gat,IL,2022-07-22 20:17:05,31.61,34.7642,79.81,100,2,4.21
500,Buraydah,SA,2022-07-22 20:18:46,26.326,43.975,99.05,11,17,9.08
501,Tocopilla,CL,2022-07-22 20:18:46,-22.092,-70.1979,64.69,70,99,12.44
